{"cameraMode":{"drawMode":0,"name":"Shaded","section":"Shading Mode"},"sceneLighting":true,"audioPlay":false,"sceneViewState":{"m_AlwaysRefresh":false,"showFog":true,"showSkybox":true,"showFlares":true,"showImageEffects":true,"showParticleSystems":true,"showVisualEffectGraphs":true,"m_FxEnabled":true},"in2DMode":false,"pivot":{"x":-3.664951801300049,"y":4.535872936248779,"z":-33.545196533203128},"rotation":{"x":-0.012702739797532559,"y":0.6958917379379273,"z":0.012310775928199292,"w":0.7179337739944458},"size":0.871886670589447,"orthographic":false}