{"cameraMode":{"drawMode":0,"name":"Shaded","section":"Shading Mode"},"sceneLighting":false,"audioPlay":false,"sceneViewState":{"m_AlwaysRefresh":false,"showFog":true,"showSkybox":false,"showFlares":true,"showImageEffects":true,"showParticleSystems":true,"showVisualEffectGraphs":true,"m_FxEnabled":true},"in2DMode":false,"pivot":{"x":43.47945785522461,"y":20.372459411621095,"z":14.727584838867188},"rotation":{"x":-0.06941193342208862,"y":0.9137279987335205,"z":-0.17649531364440919,"w":-0.35935020446777346},"size":0.9027734994888306,"orthographic":false}